<?xml version="1.0"?>
<opencv_storage>
<stage0>
  <maxWeakCount>2</maxWeakCount>
  <stageThreshold>-7.0872388780117035e-02</stageThreshold>
  <weakClassifiers>
    <_>
      <internalNodes>
        0 -1 619476 2.1781790256500244e-01</internalNodes>
      <leafValues>
        -9.9033814668655396e-01 1.</leafValues></_>
    <_>
      <internalNodes>
        0 -1 289904 -4.3938700109720230e-02</internalNodes>
      <leafValues>
        9.1946578025817871e-01 -9.8078608512878418e-01</leafValues></_></weakClassifiers></stage0>
</opencv_storage>
