<?xml version="1.0"?>
<opencv_storage>
<cascade>
  <stageType>BOOST</stageType>
  <featureType>HAAR</featureType>
  <height>46</height>
  <width>38</width>
  <stageParams>
    <boostType>GAB</boostType>
    <minHitRate>9.9500000476837158e-01</minHitRate>
    <maxFalseAlarm>5.0000000000000000e-01</maxFalseAlarm>
    <weightTrimRate>9.4999998807907104e-01</weightTrimRate>
    <maxDepth>1</maxDepth>
    <maxWeakCount>100</maxWeakCount></stageParams>
  <featureParams>
    <maxCatCount>0</maxCatCount>
    <featSize>1</featSize>
    <mode>BASIC</mode></featureParams>
  <stageNum>4</stageNum>
  <stages>
    <!-- stage 0 -->
    <_>
      <maxWeakCount>2</maxWeakCount>
      <stageThreshold>-1.9184856116771698e-01</stageThreshold>
      <weakClassifiers>
        <_>
          <internalNodes>
            0 -1 4 -2.5414079427719116e-02</internalNodes>
          <leafValues>
            9.1910737752914429e-01 -9.5317071676254272e-01</leafValues></_>
        <_>
          <internalNodes>
            0 -1 0 -2.2081837058067322e-02</internalNodes>
          <leafValues>
            7.6132214069366455e-01 -9.8848569393157959e-01</leafValues></_></weakClassifiers></_>
    <!-- stage 1 -->
    <_>
      <maxWeakCount>3</maxWeakCount>
      <stageThreshold>-1.1321853399276733e+00</stageThreshold>
      <weakClassifiers>
        <_>
          <internalNodes>
            0 -1 7 6.8116329610347748e-02</internalNodes>
          <leafValues>
            -8.9422136545181274e-01 8.2524269819259644e-01</leafValues></_>
        <_>
          <internalNodes>
            0 -1 6 -5.5758304893970490e-02</internalNodes>
          <leafValues>
            6.8973833322525024e-01 -8.7774944305419922e-01</leafValues></_>
        <_>
          <internalNodes>
            0 -1 5 7.9682022333145142e-03</internalNodes>
          <leafValues>
            6.3978540897369385e-01 -9.8124313354492188e-01</leafValues></_></weakClassifiers></_>
    <!-- stage 2 -->
    <_>
      <maxWeakCount>2</maxWeakCount>
      <stageThreshold>-6.6642150282859802e-02</stageThreshold>
      <weakClassifiers>
        <_>
          <internalNodes>
            0 -1 3 -1.0117840021848679e-01</internalNodes>
          <leafValues>
            9.4714879989624023e-01 -9.7653961181640625e-01</leafValues></_>
        <_>
          <internalNodes>
            0 -1 2 -9.0217918157577515e-02</internalNodes>
          <leafValues>
            9.0989744663238525e-01 -1.</leafValues></_></weakClassifiers></_>
    <!-- stage 3 -->
    <_>
      <maxWeakCount>1</maxWeakCount>
      <stageThreshold>1.</stageThreshold>
      <weakClassifiers>
        <_>
          <internalNodes>
            0 -1 1 3.6793056875467300e-02</internalNodes>
          <leafValues>
            1. -1.</leafValues></_></weakClassifiers></_></stages>
  <features>
    <_>
      <rects>
        <_>
          0 1 31 24 -1.</_>
        <_>
          0 13 31 12 2.</_></rects>
      <tilted>0</tilted></_>
    <_>
      <rects>
        <_>
          0 19 32 14 -1.</_>
        <_>
          0 26 32 7 2.</_></rects>
      <tilted>0</tilted></_>
    <_>
      <rects>
        <_>
          1 5 32 32 -1.</_>
        <_>
          1 21 32 16 2.</_></rects>
      <tilted>0</tilted></_>
    <_>
      <rects>
        <_>
          2 6 28 34 -1.</_>
        <_>
          2 23 28 17 2.</_></rects>
      <tilted>0</tilted></_>
    <_>
      <rects>
        <_>
          5 28 27 13 -1.</_>
        <_>
          14 28 9 13 3.</_></rects>
      <tilted>0</tilted></_>
    <_>
      <rects>
        <_>
          13 31 25 6 -1.</_>
        <_>
          13 34 25 3 2.</_></rects>
      <tilted>0</tilted></_>
    <_>
      <rects>
        <_>
          14 4 9 42 -1.</_>
        <_>
          14 25 9 21 2.</_></rects>
      <tilted>0</tilted></_>
    <_>
      <rects>
        <_>
          14 5 24 36 -1.</_>
        <_>
          14 5 12 18 2.</_>
        <_>
          26 23 12 18 2.</_></rects>
      <tilted>0</tilted></_></features></cascade>
</opencv_storage>
