<?xml version="1.0"?>
<opencv_storage>
<stage0>
  <maxWeakCount>2</maxWeakCount>
  <stageThreshold>-1.9184856116771698e-01</stageThreshold>
  <weakClassifiers>
    <_>
      <internalNodes>
        0 -1 420061 -2.5414079427719116e-02</internalNodes>
      <leafValues>
        9.1910737752914429e-01 -9.5317071676254272e-01</leafValues></_>
    <_>
      <internalNodes>
        0 -1 6252 -2.2081837058067322e-02</internalNodes>
      <leafValues>
        7.6132214069366455e-01 -9.8848569393157959e-01</leafValues></_></weakClassifiers></stage0>
</opencv_storage>
