<?xml version="1.0"?>
<opencv_storage>
<stage2>
  <maxWeakCount>2</maxWeakCount>
  <stageThreshold>-6.6642150282859802e-02</stageThreshold>
  <weakClassifiers>
    <_>
      <internalNodes>
        0 -1 171400 -1.0117840021848679e-01</internalNodes>
      <leafValues>
        9.4714879989624023e-01 -9.7653961181640625e-01</leafValues></_>
    <_>
      <internalNodes>
        0 -1 94674 -9.0217918157577515e-02</internalNodes>
      <leafValues>
        9.0989744663238525e-01 -1.</leafValues></_></weakClassifiers></stage2>
</opencv_storage>
