<?xml version="1.0"?>
<opencv_storage>
<stage1>
  <maxWeakCount>3</maxWeakCount>
  <stageThreshold>-1.1321853399276733e+00</stageThreshold>
  <weakClassifiers>
    <_>
      <internalNodes>
        0 -1 899786 6.8116329610347748e-02</internalNodes>
      <leafValues>
        -8.9422136545181274e-01 8.2524269819259644e-01</leafValues></_>
    <_>
      <internalNodes>
        0 -1 897621 -5.5758304893970490e-02</internalNodes>
      <leafValues>
        6.8973833322525024e-01 -8.7774944305419922e-01</leafValues></_>
    <_>
      <internalNodes>
        0 -1 883635 7.9682022333145142e-03</internalNodes>
      <leafValues>
        6.3978540897369385e-01 -9.8124313354492188e-01</leafValues></_></weakClassifiers></stage1>
</opencv_storage>
